F5	http://purl.org/commons/record/ncbi_gene/2153
MT	http://purl.org/commons/record/ncbi_gene/27349
TH	http://purl.org/commons/record/ncbi_gene/7054
BF	http://purl.org/commons/record/ncbi_gene/629
HIST2H2AA	http://purl.org/commons/record/ncbi_gene/8337
TNFRSF10A	http://purl.org/commons/record/ncbi_gene/8797
HIST2H2AC	http://purl.org/commons/record/ncbi_gene/8338
HIST2H2BE	http://purl.org/commons/record/ncbi_gene/8349
IFT140	http://purl.org/commons/record/ncbi_gene/9742
DNAJC5	http://purl.org/commons/record/ncbi_gene/80331
CYP2B6	http://purl.org/commons/record/ncbi_gene/1555
RBPSUH	http://purl.org/commons/record/ncbi_gene/3516
LRRC21	http://purl.org/commons/record/ncbi_gene/26103
PDLIM4	http://purl.org/commons/record/ncbi_gene/8572
CSN1S1	http://purl.org/commons/record/ncbi_gene/1446
TRIOBP	http://purl.org/commons/record/ncbi_gene/11078
MARCKS	http://purl.org/commons/record/ncbi_gene/4082
DNASE1	http://purl.org/commons/record/ncbi_gene/1773
PYCARD	http://purl.org/commons/record/ncbi_gene/29108
NUDT11	http://purl.org/commons/record/ncbi_gene/55190
EIF2C2	http://purl.org/commons/record/ncbi_gene/27161
BCAP31	http://purl.org/commons/record/ncbi_gene/10134
PRSS27	http://purl.org/commons/record/ncbi_gene/83886
SFRS11	http://purl.org/commons/record/ncbi_gene/9295
MAPK14	http://purl.org/commons/record/ncbi_gene/1432
HOMER2	http://purl.org/commons/record/ncbi_gene/9455
SLC4A3	http://purl.org/commons/record/ncbi_gene/6508
BCL2L1	http://purl.org/commons/record/ncbi_gene/598
MYCBP2	http://purl.org/commons/record/ncbi_gene/23077
ZNF143	http://purl.org/commons/record/ncbi_gene/7702
UGT1A9	http://purl.org/commons/record/ncbi_gene/54600
MRGPRF	http://purl.org/commons/record/ncbi_gene/219928
OPN1MW	http://purl.org/commons/record/ncbi_gene/2652
PTGER3	http://purl.org/commons/record/ncbi_gene/5733
MAP3K8	http://purl.org/commons/record/ncbi_gene/1326
CDKN2A	http://purl.org/commons/record/ncbi_gene/1029
PRKAG3	http://purl.org/commons/record/ncbi_gene/53632
BAIAP2	http://purl.org/commons/record/ncbi_gene/10458
GAPDHS	http://purl.org/commons/record/ncbi_gene/26330
IFT122	http://purl.org/commons/record/ncbi_gene/55764
VPS13B	http://purl.org/commons/record/ncbi_gene/157680
PAPSS1	http://purl.org/commons/record/ncbi_gene/9061
CCHCR1	http://purl.org/commons/record/ncbi_gene/54535
CYP3A4	http://purl.org/commons/record/ncbi_gene/1576
CXCL10	http://purl.org/commons/record/ncbi_gene/3627
CXCL12	http://purl.org/commons/record/ncbi_gene/6387
SEPHS1	http://purl.org/commons/record/ncbi_gene/22929
AKR1A1	http://purl.org/commons/record/ncbi_gene/10327
UGT1A8	http://purl.org/commons/record/ncbi_gene/54576
CXCL13	http://purl.org/commons/record/ncbi_gene/10563
NFKBIA	http://purl.org/commons/record/ncbi_gene/4792
LGALS1	http://purl.org/commons/record/ncbi_gene/3956
PMAIP1	http://purl.org/commons/record/ncbi_gene/5366
RNASE3	http://purl.org/commons/record/ncbi_gene/6037
FANCD2	http://purl.org/commons/record/ncbi_gene/2177
HMGCS2	http://purl.org/commons/record/ncbi_gene/3158
AKR1B1	http://purl.org/commons/record/ncbi_gene/231
CYP1A1	http://purl.org/commons/record/ncbi_gene/1543
C9orf3	http://purl.org/commons/record/ncbi_gene/84909
LANCL1	http://purl.org/commons/record/ncbi_gene/10314
TFAP2A	http://purl.org/commons/record/ncbi_gene/7020
GPR151	http://purl.org/commons/record/ncbi_gene/134391
SQSTM1	http://purl.org/commons/record/ncbi_gene/8878
SLC4A1	http://purl.org/commons/record/ncbi_gene/6521
HDHD1A	http://purl.org/commons/record/ncbi_gene/8226
TWIST1	http://purl.org/commons/record/ncbi_gene/7291
YME1L1	http://purl.org/commons/record/ncbi_gene/10730
PTGER4	http://purl.org/commons/record/ncbi_gene/5734
IGFBP3	http://purl.org/commons/record/ncbi_gene/3486
PLA2G6	http://purl.org/commons/record/ncbi_gene/8398
NSFL1C	http://purl.org/commons/record/ncbi_gene/55968
METAP2	http://purl.org/commons/record/ncbi_gene/10988
NDUFA2	http://purl.org/commons/record/ncbi_gene/4695
PRKAB1	http://purl.org/commons/record/ncbi_gene/5564
RNASE1	http://purl.org/commons/record/ncbi_gene/6035
ERVWE1	http://purl.org/commons/record/ncbi_gene/30816
S100A6	http://purl.org/commons/record/ncbi_gene/6277
ATP1A3	http://purl.org/commons/record/ncbi_gene/478
DICER1	http://purl.org/commons/record/ncbi_gene/23405
GNPDA1	http://purl.org/commons/record/ncbi_gene/10007
FKBP1B	http://purl.org/commons/record/ncbi_gene/2281
DPAGT1	http://purl.org/commons/record/ncbi_gene/1798
MAP4K4	http://purl.org/commons/record/ncbi_gene/9448
GPRC6A	http://purl.org/commons/record/ncbi_gene/222545
FBXL15	http://purl.org/commons/record/ncbi_gene/79176
GPBAR1	http://purl.org/commons/record/ncbi_gene/151306
PPARBP	http://purl.org/commons/record/ncbi_gene/5469
PLA2G3	http://purl.org/commons/record/ncbi_gene/50487
HSPA9B	http://purl.org/commons/record/ncbi_gene/3313
PLA2G5	http://purl.org/commons/record/ncbi_gene/5322
DYNLT1	http://purl.org/commons/record/ncbi_gene/6993
CDK5R1	http://purl.org/commons/record/ncbi_gene/8851
GOLGB1	http://purl.org/commons/record/ncbi_gene/2804
UGT1A6	http://purl.org/commons/record/ncbi_gene/54578
MAP2K1	http://purl.org/commons/record/ncbi_gene/5604
PRKAA1	http://purl.org/commons/record/ncbi_gene/5562
CYP2C9	http://purl.org/commons/record/ncbi_gene/1559
CYP1A2	http://purl.org/commons/record/ncbi_gene/1544
PIK3CB	http://purl.org/commons/record/ncbi_gene/5291
PIK3CA	http://purl.org/commons/record/ncbi_gene/5290
PIK3CG	http://purl.org/commons/record/ncbi_gene/5294
CD3EAP	http://purl.org/commons/record/ncbi_gene/10849
CYP2D6	http://purl.org/commons/record/ncbi_gene/1565
CALML3	http://purl.org/commons/record/ncbi_gene/810
ITGA2B	http://purl.org/commons/record/ncbi_gene/3674
UGT1A1	http://purl.org/commons/record/ncbi_gene/54658
PICALM	http://purl.org/commons/record/ncbi_gene/8301
OR2AG1	http://purl.org/commons/record/ncbi_gene/144125
OR5AC2	http://purl.org/commons/record/ncbi_gene/81050
PRKAA2	http://purl.org/commons/record/ncbi_gene/5563
PAPSS2	http://purl.org/commons/record/ncbi_gene/9060
HMGCS1	http://purl.org/commons/record/ncbi_gene/3157
GNPTAB	http://purl.org/commons/record/ncbi_gene/79158
TALDO1	http://purl.org/commons/record/ncbi_gene/6888
LRSAM1	http://purl.org/commons/record/ncbi_gene/90678
CYP2E1	http://purl.org/commons/record/ncbi_gene/1571
KLHDC2	http://purl.org/commons/record/ncbi_gene/23588
POU1F1	http://purl.org/commons/record/ncbi_gene/5449
LGALS4	http://purl.org/commons/record/ncbi_gene/3960
GSR	http://purl.org/commons/record/ncbi_gene/2936
CD4	http://purl.org/commons/record/ncbi_gene/920
IL6	http://purl.org/commons/record/ncbi_gene/3569
TNF	http://purl.org/commons/record/ncbi_gene/7124
CD9	http://purl.org/commons/record/ncbi_gene/928
ABR	http://purl.org/commons/record/ncbi_gene/29
PGF	http://purl.org/commons/record/ncbi_gene/5228
LPO	http://purl.org/commons/record/ncbi_gene/4025
INS	http://purl.org/commons/record/ncbi_gene/3630
ALB	http://purl.org/commons/record/ncbi_gene/213
MYB	http://purl.org/commons/record/ncbi_gene/4602
LOX	http://purl.org/commons/record/ncbi_gene/4015
PGR	http://purl.org/commons/record/ncbi_gene/5241
ADC	http://purl.org/commons/record/ncbi_gene/113451
MPO	http://purl.org/commons/record/ncbi_gene/4353
EPX	http://purl.org/commons/record/ncbi_gene/8288
IL2	http://purl.org/commons/record/ncbi_gene/3558
SKI	http://purl.org/commons/record/ncbi_gene/6497
MT4	http://purl.org/commons/record/ncbi_gene/84560
VTN	http://purl.org/commons/record/ncbi_gene/7448
PTH	http://purl.org/commons/record/ncbi_gene/5741
HAL	http://purl.org/commons/record/ncbi_gene/3034
PRL	http://purl.org/commons/record/ncbi_gene/5617
DCN	http://purl.org/commons/record/ncbi_gene/1634
PZP	http://purl.org/commons/record/ncbi_gene/5858
IL4	http://purl.org/commons/record/ncbi_gene/3565
DBH	http://purl.org/commons/record/ncbi_gene/1621
RGR	http://purl.org/commons/record/ncbi_gene/5995
EMD	http://purl.org/commons/record/ncbi_gene/2010
GAL	http://purl.org/commons/record/ncbi_gene/51083
CA8	http://purl.org/commons/record/ncbi_gene/767
TYR	http://purl.org/commons/record/ncbi_gene/7299
CRH	http://purl.org/commons/record/ncbi_gene/1392
IL5	http://purl.org/commons/record/ncbi_gene/3567
HRB	http://purl.org/commons/record/ncbi_gene/3267
BAX	http://purl.org/commons/record/ncbi_gene/581
JUN	http://purl.org/commons/record/ncbi_gene/3725
APP	http://purl.org/commons/record/ncbi_gene/351
PI3	http://purl.org/commons/record/ncbi_gene/5266
ACE	http://purl.org/commons/record/ncbi_gene/1636
ATM	http://purl.org/commons/record/ncbi_gene/472
DES	http://purl.org/commons/record/ncbi_gene/1674
SRI	http://purl.org/commons/record/ncbi_gene/6717
ELN	http://purl.org/commons/record/ncbi_gene/2006
ABO	http://purl.org/commons/record/ncbi_gene/28
PF4	http://purl.org/commons/record/ncbi_gene/5196
NPY	http://purl.org/commons/record/ncbi_gene/4852
NES	http://purl.org/commons/record/ncbi_gene/10763
CD2	http://purl.org/commons/record/ncbi_gene/914
CA1	http://purl.org/commons/record/ncbi_gene/759
NTS	http://purl.org/commons/record/ncbi_gene/4922
CA4	http://purl.org/commons/record/ncbi_gene/762
BLM	http://purl.org/commons/record/ncbi_gene/641
KDR	http://purl.org/commons/record/ncbi_gene/3791
TXN	http://purl.org/commons/record/ncbi_gene/7295
MPZ	http://purl.org/commons/record/ncbi_gene/4359
CD5	http://purl.org/commons/record/ncbi_gene/921
PFC	http://purl.org/commons/record/ncbi_gene/5199
DAF	http://purl.org/commons/record/ncbi_gene/1604
GSN	http://purl.org/commons/record/ncbi_gene/2934
PTS	http://purl.org/commons/record/ncbi_gene/5805
TSN	http://purl.org/commons/record/ncbi_gene/7247
ADA	http://purl.org/commons/record/ncbi_gene/100
SP2	http://purl.org/commons/record/ncbi_gene/6668
PLG	http://purl.org/commons/record/ncbi_gene/5340
CPM	http://purl.org/commons/record/ncbi_gene/1368
APC	http://purl.org/commons/record/ncbi_gene/324
LSS	http://purl.org/commons/record/ncbi_gene/4047
BPI	http://purl.org/commons/record/ncbi_gene/671
RB1	http://purl.org/commons/record/ncbi_gene/5925
TRH	http://purl.org/commons/record/ncbi_gene/7200
RHD	http://purl.org/commons/record/ncbi_gene/6007
ANG	http://purl.org/commons/record/ncbi_gene/283
LTA	http://purl.org/commons/record/ncbi_gene/4049
EGF	http://purl.org/commons/record/ncbi_gene/1950
DBT	http://purl.org/commons/record/ncbi_gene/1629
THH	http://purl.org/commons/record/ncbi_gene/7062
LYZ	http://purl.org/commons/record/ncbi_gene/4069
SYP	http://purl.org/commons/record/ncbi_gene/6855
AHR	http://purl.org/commons/record/ncbi_gene/196
ZAK	http://purl.org/commons/record/ncbi_gene/51776
IL8	http://purl.org/commons/record/ncbi_gene/3576
GH1	http://purl.org/commons/record/ncbi_gene/2688
RHO	http://purl.org/commons/record/ncbi_gene/6010
DDC	http://purl.org/commons/record/ncbi_gene/1644
PTN	http://purl.org/commons/record/ncbi_gene/5764
CR1	http://purl.org/commons/record/ncbi_gene/1378
SRC	http://purl.org/commons/record/ncbi_gene/6714
BCR	http://purl.org/commons/record/ncbi_gene/613
FOS	http://purl.org/commons/record/ncbi_gene/2353
CPE	http://purl.org/commons/record/ncbi_gene/1363
LXN	http://purl.org/commons/record/ncbi_gene/56925
SRY	http://purl.org/commons/record/ncbi_gene/6736
ZFY	http://purl.org/commons/record/ncbi_gene/7544
PYY	http://purl.org/commons/record/ncbi_gene/5697
VWF	http://purl.org/commons/record/ncbi_gene/7450
VIM	http://purl.org/commons/record/ncbi_gene/7431
POR	http://purl.org/commons/record/ncbi_gene/5447
RPE	http://purl.org/commons/record/ncbi_gene/6120
ND2	http://purl.org/commons/record/ncbi_gene/4536
ALK	http://purl.org/commons/record/ncbi_gene/238
LEP	http://purl.org/commons/record/ncbi_gene/3952
LTB	http://purl.org/commons/record/ncbi_gene/4050
SST	http://purl.org/commons/record/ncbi_gene/6750
NF2	http://purl.org/commons/record/ncbi_gene/4771
DMN	http://purl.org/commons/record/ncbi_gene/23336
ADK	http://purl.org/commons/record/ncbi_gene/132
IPP	http://purl.org/commons/record/ncbi_gene/3652
GHR	http://purl.org/commons/record/ncbi_gene/2690
BGN	http://purl.org/commons/record/ncbi_gene/633
CEL	http://purl.org/commons/record/ncbi_gene/1056
RFP	http://purl.org/commons/record/ncbi_gene/5987
ERG	http://purl.org/commons/record/ncbi_gene/2078
UNG	http://purl.org/commons/record/ncbi_gene/7374
NF1	http://purl.org/commons/record/ncbi_gene/4763
TTR	http://purl.org/commons/record/ncbi_gene/7276
AFM	http://purl.org/commons/record/ncbi_gene/173
DPT	http://purl.org/commons/record/ncbi_gene/1805
NMU	http://purl.org/commons/record/ncbi_gene/10874
CA2	http://purl.org/commons/record/ncbi_gene/760
GNS	http://purl.org/commons/record/ncbi_gene/2799
TAT	http://purl.org/commons/record/ncbi_gene/6898
TTL	http://purl.org/commons/record/ncbi_gene/150465
MPG	http://purl.org/commons/record/ncbi_gene/4350
SLC25A21	http://purl.org/commons/record/ncbi_gene/89874
SERPINF2	http://purl.org/commons/record/ncbi_gene/5345
C6orf108	http://purl.org/commons/record/ncbi_gene/10591
MARCKSL1	http://purl.org/commons/record/ncbi_gene/65108
PNLIPRP1	http://purl.org/commons/record/ncbi_gene/5407
PLA2G12A	http://purl.org/commons/record/ncbi_gene/81579
SERPINB2	http://purl.org/commons/record/ncbi_gene/5055
MPHOSPH6	http://purl.org/commons/record/ncbi_gene/10200
SERPINA1	http://purl.org/commons/record/ncbi_gene/5265
SERPINE1	http://purl.org/commons/record/ncbi_gene/5054
PPP1R14B	http://purl.org/commons/record/ncbi_gene/26472
KIAA0101	http://purl.org/commons/record/ncbi_gene/9768
HIST1H3C	http://purl.org/commons/record/ncbi_gene/8352
SERPINC1	http://purl.org/commons/record/ncbi_gene/462
SERPIND1	http://purl.org/commons/record/ncbi_gene/3053
SLC25A10	http://purl.org/commons/record/ncbi_gene/1468
PNLIPRP2	http://purl.org/commons/record/ncbi_gene/5408
SIGLEC12	http://purl.org/commons/record/ncbi_gene/89858
NDUFAB1	http://purl.org/commons/record/ncbi_gene/4706
CEACAM5	http://purl.org/commons/record/ncbi_gene/1048
MAPKAP1	http://purl.org/commons/record/ncbi_gene/79109
C1orf48	http://purl.org/commons/record/ncbi_gene/25936
CYP2C19	http://purl.org/commons/record/ncbi_gene/1557
TBL1XR1	http://purl.org/commons/record/ncbi_gene/79718
PCDHB16	http://purl.org/commons/record/ncbi_gene/57717
GABARAP	http://purl.org/commons/record/ncbi_gene/11337
TNFSF11	http://purl.org/commons/record/ncbi_gene/8600
SCGB1A1	http://purl.org/commons/record/ncbi_gene/7356
CYSLTR2	http://purl.org/commons/record/ncbi_gene/57105
SLC26A4	http://purl.org/commons/record/ncbi_gene/5172
GPR172A	http://purl.org/commons/record/ncbi_gene/79581
SLC16A1	http://purl.org/commons/record/ncbi_gene/6566
SMARCA2	http://purl.org/commons/record/ncbi_gene/6595
S100A13	http://purl.org/commons/record/ncbi_gene/6284
BCL2L11	http://purl.org/commons/record/ncbi_gene/10018
C19orf2	http://purl.org/commons/record/ncbi_gene/8725
EIF2AK2	http://purl.org/commons/record/ncbi_gene/5610
TXNDC10	http://purl.org/commons/record/ncbi_gene/54495
MAP3K14	http://purl.org/commons/record/ncbi_gene/9020
PLA2G1B	http://purl.org/commons/record/ncbi_gene/5319
LDHAL6B	http://purl.org/commons/record/ncbi_gene/92483
PLA2G4A	http://purl.org/commons/record/ncbi_gene/5321
PLA2G2A	http://purl.org/commons/record/ncbi_gene/5320
SULT2A1	http://purl.org/commons/record/ncbi_gene/6822
AKR1B10	http://purl.org/commons/record/ncbi_gene/57016
PLA2G2E	http://purl.org/commons/record/ncbi_gene/30814
LDHAL6A	http://purl.org/commons/record/ncbi_gene/160287
DYNC1H1	http://purl.org/commons/record/ncbi_gene/1778
PLA2G2F	http://purl.org/commons/record/ncbi_gene/64600
GPR172B	http://purl.org/commons/record/ncbi_gene/55065
MRGPRX3	http://purl.org/commons/record/ncbi_gene/117195
MRGPRX4	http://purl.org/commons/record/ncbi_gene/117196
MRGPRX1	http://purl.org/commons/record/ncbi_gene/259249
ZNFN1A1	http://purl.org/commons/record/ncbi_gene/10320
CYP27A1	http://purl.org/commons/record/ncbi_gene/1593
PLA2G4C	http://purl.org/commons/record/ncbi_gene/8605
PLA2G2D	http://purl.org/commons/record/ncbi_gene/26279
ST8SIA2	http://purl.org/commons/record/ncbi_gene/8128
PLA2G10	http://purl.org/commons/record/ncbi_gene/8399
RASGRP3	http://purl.org/commons/record/ncbi_gene/25780
TNFSF10	http://purl.org/commons/record/ncbi_gene/8743
PRKAR1A	http://purl.org/commons/record/ncbi_gene/5573
MAP3K10	http://purl.org/commons/record/ncbi_gene/4294
ALDH3A2	http://purl.org/commons/record/ncbi_gene/224
S100A12	http://purl.org/commons/record/ncbi_gene/6283
CYP2C18	http://purl.org/commons/record/ncbi_gene/1562
PPP1R1B	http://purl.org/commons/record/ncbi_gene/84152
B4GALT1	http://purl.org/commons/record/ncbi_gene/2683
PIK3C2A	http://purl.org/commons/record/ncbi_gene/5286
SLC11A1	http://purl.org/commons/record/ncbi_gene/6556
KIR2DL2	http://purl.org/commons/record/ncbi_gene/3803
TSPAN31	http://purl.org/commons/record/ncbi_gene/6302
SEC14L2	http://purl.org/commons/record/ncbi_gene/23541
ALDH5A1	http://purl.org/commons/record/ncbi_gene/7915
RPS6KB2	http://purl.org/commons/record/ncbi_gene/6199
ADAMTS2	http://purl.org/commons/record/ncbi_gene/9509
CEACAM7	http://purl.org/commons/record/ncbi_gene/1087
NDRG1	http://purl.org/commons/record/ncbi_gene/10397
HMOX1	http://purl.org/commons/record/ncbi_gene/3162
LGR6	http://purl.org/commons/record/ncbi_gene/59352
PSMD4	http://purl.org/commons/record/ncbi_gene/5710
SOAT1	http://purl.org/commons/record/ncbi_gene/6646
IGHE	http://purl.org/commons/record/ncbi_gene/3497
NFKB1	http://purl.org/commons/record/ncbi_gene/4790
MUC1	http://purl.org/commons/record/ncbi_gene/4582
PTGS2	http://purl.org/commons/record/ncbi_gene/5743
NOS2A	http://purl.org/commons/record/ncbi_gene/4843
DGKI	http://purl.org/commons/record/ncbi_gene/9162
SOD1	http://purl.org/commons/record/ncbi_gene/6647
PRSS2	http://purl.org/commons/record/ncbi_gene/5645
PRSS3	http://purl.org/commons/record/ncbi_gene/5646
PRSS1	http://purl.org/commons/record/ncbi_gene/5644
MAOA	http://purl.org/commons/record/ncbi_gene/4128
MAOB	http://purl.org/commons/record/ncbi_gene/4129
ESR2	http://purl.org/commons/record/ncbi_gene/2100
MAPK1	http://purl.org/commons/record/ncbi_gene/5594
CASP3	http://purl.org/commons/record/ncbi_gene/836
ESR1	http://purl.org/commons/record/ncbi_gene/2099
HEPH	http://purl.org/commons/record/ncbi_gene/9843
IL1B	http://purl.org/commons/record/ncbi_gene/3553
AADAC	http://purl.org/commons/record/ncbi_gene/13
CCL5	http://purl.org/commons/record/ncbi_gene/6352
AMD1	http://purl.org/commons/record/ncbi_gene/262
PTPRF	http://purl.org/commons/record/ncbi_gene/5792
GGPS1	http://purl.org/commons/record/ncbi_gene/9453
FDPS	http://purl.org/commons/record/ncbi_gene/2224
PPA1	http://purl.org/commons/record/ncbi_gene/5464
GLUD1	http://purl.org/commons/record/ncbi_gene/2746
PPA2	http://purl.org/commons/record/ncbi_gene/27068
UGDH	http://purl.org/commons/record/ncbi_gene/7358
H6PD	http://purl.org/commons/record/ncbi_gene/9563
GLUL	http://purl.org/commons/record/ncbi_gene/2752
PRTN3	http://purl.org/commons/record/ncbi_gene/5657
CALCR	http://purl.org/commons/record/ncbi_gene/799
PREP	http://purl.org/commons/record/ncbi_gene/5550
CD1C	http://purl.org/commons/record/ncbi_gene/911
CD1B	http://purl.org/commons/record/ncbi_gene/910
ACHE	http://purl.org/commons/record/ncbi_gene/43
TP73L	http://purl.org/commons/record/ncbi_gene/8626
LDHC	http://purl.org/commons/record/ncbi_gene/3948
ZAP70	http://purl.org/commons/record/ncbi_gene/7535
ARG2	http://purl.org/commons/record/ncbi_gene/384
APLP2	http://purl.org/commons/record/ncbi_gene/334
CD8A	http://purl.org/commons/record/ncbi_gene/925
IDH2	http://purl.org/commons/record/ncbi_gene/3418
IDH1	http://purl.org/commons/record/ncbi_gene/3417
IGF1	http://purl.org/commons/record/ncbi_gene/3479
MAT1A	http://purl.org/commons/record/ncbi_gene/4143
PRLR	http://purl.org/commons/record/ncbi_gene/5618
POMC	http://purl.org/commons/record/ncbi_gene/5443
IFNG	http://purl.org/commons/record/ncbi_gene/3458
SCN5A	http://purl.org/commons/record/ncbi_gene/6331
PRNP	http://purl.org/commons/record/ncbi_gene/5621
OTOR	http://purl.org/commons/record/ncbi_gene/56914
MSX2	http://purl.org/commons/record/ncbi_gene/4488
FBN1	http://purl.org/commons/record/ncbi_gene/2200
MCF2	http://purl.org/commons/record/ncbi_gene/4168
PPYR1	http://purl.org/commons/record/ncbi_gene/5540
DGKD	http://purl.org/commons/record/ncbi_gene/8527
ELK3	http://purl.org/commons/record/ncbi_gene/2004
NGFB	http://purl.org/commons/record/ncbi_gene/4803
NQO1	http://purl.org/commons/record/ncbi_gene/1728
CRYGC	http://purl.org/commons/record/ncbi_gene/1420
PNMA2	http://purl.org/commons/record/ncbi_gene/10687
DNAI1	http://purl.org/commons/record/ncbi_gene/27019
PPGB	http://purl.org/commons/record/ncbi_gene/5476
MGAM	http://purl.org/commons/record/ncbi_gene/8972
ADH1B	http://purl.org/commons/record/ncbi_gene/125
STIP1	http://purl.org/commons/record/ncbi_gene/10963
C1QL1	http://purl.org/commons/record/ncbi_gene/10882
MEG3	http://purl.org/commons/record/ncbi_gene/55384
BCL2	http://purl.org/commons/record/ncbi_gene/596
IL10	http://purl.org/commons/record/ncbi_gene/3586
PTGS1	http://purl.org/commons/record/ncbi_gene/5742
LDHB	http://purl.org/commons/record/ncbi_gene/3945
MYO6	http://purl.org/commons/record/ncbi_gene/4646
MCL1	http://purl.org/commons/record/ncbi_gene/4170
NR2E3	http://purl.org/commons/record/ncbi_gene/10002
PLEK	http://purl.org/commons/record/ncbi_gene/5341
RIPK1	http://purl.org/commons/record/ncbi_gene/8737
MAP4	http://purl.org/commons/record/ncbi_gene/4134
IGHM	http://purl.org/commons/record/ncbi_gene/3507
GSTP1	http://purl.org/commons/record/ncbi_gene/2950
VCAM1	http://purl.org/commons/record/ncbi_gene/7412
PEO1	http://purl.org/commons/record/ncbi_gene/56652
EDNRA	http://purl.org/commons/record/ncbi_gene/1909
CALD1	http://purl.org/commons/record/ncbi_gene/800
CD83	http://purl.org/commons/record/ncbi_gene/9308
RUNX2	http://purl.org/commons/record/ncbi_gene/860
DPEP1	http://purl.org/commons/record/ncbi_gene/1800
IGF2	http://purl.org/commons/record/ncbi_gene/3481
CASP9	http://purl.org/commons/record/ncbi_gene/842
PARP1	http://purl.org/commons/record/ncbi_gene/142
NR5A1	http://purl.org/commons/record/ncbi_gene/2516
GDF15	http://purl.org/commons/record/ncbi_gene/9518
COPS2	http://purl.org/commons/record/ncbi_gene/9318
RBL2	http://purl.org/commons/record/ncbi_gene/5934
TIMP1	http://purl.org/commons/record/ncbi_gene/7076
TDGF3	http://purl.org/commons/record/ncbi_gene/6998
ATN1	http://purl.org/commons/record/ncbi_gene/1822
EMP1	http://purl.org/commons/record/ncbi_gene/2012
MSLN	http://purl.org/commons/record/ncbi_gene/10232
TNP1	http://purl.org/commons/record/ncbi_gene/7141
RRM1	http://purl.org/commons/record/ncbi_gene/6240
POLG	http://purl.org/commons/record/ncbi_gene/5428
CCT4	http://purl.org/commons/record/ncbi_gene/10575
PNLIP	http://purl.org/commons/record/ncbi_gene/5406
SYN1	http://purl.org/commons/record/ncbi_gene/6853
MMP1	http://purl.org/commons/record/ncbi_gene/4312
CRYZ	http://purl.org/commons/record/ncbi_gene/1429
MAPK8	http://purl.org/commons/record/ncbi_gene/5599
HMGB1	http://purl.org/commons/record/ncbi_gene/3146
NR3C1	http://purl.org/commons/record/ncbi_gene/2908
MAPK3	http://purl.org/commons/record/ncbi_gene/5595
ERBB2	http://purl.org/commons/record/ncbi_gene/2064
FASN	http://purl.org/commons/record/ncbi_gene/2194
LDLR	http://purl.org/commons/record/ncbi_gene/3949
PDIA6	http://purl.org/commons/record/ncbi_gene/10130
HCFC1	http://purl.org/commons/record/ncbi_gene/3054
IFT80	http://purl.org/commons/record/ncbi_gene/57560
PDIA5	http://purl.org/commons/record/ncbi_gene/10954
ACTG1	http://purl.org/commons/record/ncbi_gene/71
KRT5	http://purl.org/commons/record/ncbi_gene/3852
PRSS7	http://purl.org/commons/record/ncbi_gene/5651
FRAP1	http://purl.org/commons/record/ncbi_gene/2475
NSMAF	http://purl.org/commons/record/ncbi_gene/8439
MMP3	http://purl.org/commons/record/ncbi_gene/4314
SPDEF	http://purl.org/commons/record/ncbi_gene/25803
TIMP3	http://purl.org/commons/record/ncbi_gene/7078
TERT	http://purl.org/commons/record/ncbi_gene/7015
CD33	http://purl.org/commons/record/ncbi_gene/945
CPSF4	http://purl.org/commons/record/ncbi_gene/10898
PAG1	http://purl.org/commons/record/ncbi_gene/55824
TP53	http://purl.org/commons/record/ncbi_gene/7157
MATN1	http://purl.org/commons/record/ncbi_gene/4146
IFNB1	http://purl.org/commons/record/ncbi_gene/3456
LGMN	http://purl.org/commons/record/ncbi_gene/5641
CD68	http://purl.org/commons/record/ncbi_gene/968
HOOK1	http://purl.org/commons/record/ncbi_gene/51361
PROC	http://purl.org/commons/record/ncbi_gene/5624
CSTB	http://purl.org/commons/record/ncbi_gene/1476
ICAM1	http://purl.org/commons/record/ncbi_gene/3383
CALR	http://purl.org/commons/record/ncbi_gene/811
GTF3A	http://purl.org/commons/record/ncbi_gene/2971
GAD1	http://purl.org/commons/record/ncbi_gene/2571
ALOX5	http://purl.org/commons/record/ncbi_gene/240
PLAUR	http://purl.org/commons/record/ncbi_gene/5329
FBN2	http://purl.org/commons/record/ncbi_gene/2201
DHFR	http://purl.org/commons/record/ncbi_gene/1719
MYO1F	http://purl.org/commons/record/ncbi_gene/4542
ETV5	http://purl.org/commons/record/ncbi_gene/2119
SIL1	http://purl.org/commons/record/ncbi_gene/64374
CALM3	http://purl.org/commons/record/ncbi_gene/808
MYO5C	http://purl.org/commons/record/ncbi_gene/55930
TYMS	http://purl.org/commons/record/ncbi_gene/7298
MYO9B	http://purl.org/commons/record/ncbi_gene/4650
ABCB6	http://purl.org/commons/record/ncbi_gene/10058
MYO1E	http://purl.org/commons/record/ncbi_gene/4643
LPHN2	http://purl.org/commons/record/ncbi_gene/23266
FBP1	http://purl.org/commons/record/ncbi_gene/2203
MYO5B	http://purl.org/commons/record/ncbi_gene/4645
COCH	http://purl.org/commons/record/ncbi_gene/1690
CROT	http://purl.org/commons/record/ncbi_gene/54677
UMOD	http://purl.org/commons/record/ncbi_gene/7369
GNAS	http://purl.org/commons/record/ncbi_gene/2778
TLR1	http://purl.org/commons/record/ncbi_gene/7096
MDH2	http://purl.org/commons/record/ncbi_gene/4191
SORD	http://purl.org/commons/record/ncbi_gene/6652
CALCA	http://purl.org/commons/record/ncbi_gene/796
CHIT1	http://purl.org/commons/record/ncbi_gene/1118
RGMA	http://purl.org/commons/record/ncbi_gene/56963
BIRC4	http://purl.org/commons/record/ncbi_gene/331
TNNI3	http://purl.org/commons/record/ncbi_gene/7137
LDHA	http://purl.org/commons/record/ncbi_gene/3939
PHEX	http://purl.org/commons/record/ncbi_gene/5251
IFT88	http://purl.org/commons/record/ncbi_gene/8100
IFT52	http://purl.org/commons/record/ncbi_gene/51098
GAPDH	http://purl.org/commons/record/ncbi_gene/2597
IFT81	http://purl.org/commons/record/ncbi_gene/28981
PTGDS	http://purl.org/commons/record/ncbi_gene/5730
IFT74	http://purl.org/commons/record/ncbi_gene/80173
LYST	http://purl.org/commons/record/ncbi_gene/1130
TLR6	http://purl.org/commons/record/ncbi_gene/10333
ETFA	http://purl.org/commons/record/ncbi_gene/2108
TPPP	http://purl.org/commons/record/ncbi_gene/11076
SGCB	http://purl.org/commons/record/ncbi_gene/6443
ARSF	http://purl.org/commons/record/ncbi_gene/416
FSCN3	http://purl.org/commons/record/ncbi_gene/29999
PTPN1	http://purl.org/commons/record/ncbi_gene/5770
TPSG1	http://purl.org/commons/record/ncbi_gene/25823
PLAU	http://purl.org/commons/record/ncbi_gene/5328
GLS2	http://purl.org/commons/record/ncbi_gene/27165
CTSD	http://purl.org/commons/record/ncbi_gene/1509
COTL1	http://purl.org/commons/record/ncbi_gene/23406
CMA1	http://purl.org/commons/record/ncbi_gene/1215
TBCA	http://purl.org/commons/record/ncbi_gene/6902
LIAS	http://purl.org/commons/record/ncbi_gene/11019
CSRP1	http://purl.org/commons/record/ncbi_gene/1465
CCL2	http://purl.org/commons/record/ncbi_gene/6347
SNTB1	http://purl.org/commons/record/ncbi_gene/6641
A1BG	http://purl.org/commons/record/ncbi_gene/1
ABCC1	http://purl.org/commons/record/ncbi_gene/4363
RPS4X	http://purl.org/commons/record/ncbi_gene/6191
ABCB1	http://purl.org/commons/record/ncbi_gene/5243
CD69	http://purl.org/commons/record/ncbi_gene/969
MCPH1	http://purl.org/commons/record/ncbi_gene/79648
P4HB	http://purl.org/commons/record/ncbi_gene/5034
CCL4	http://purl.org/commons/record/ncbi_gene/6351
CXCL9	http://purl.org/commons/record/ncbi_gene/4283
IL4I1	http://purl.org/commons/record/ncbi_gene/259307
MMP13	http://purl.org/commons/record/ncbi_gene/4322
KLK15	http://purl.org/commons/record/ncbi_gene/55554
TBX4	http://purl.org/commons/record/ncbi_gene/9496
PRND	http://purl.org/commons/record/ncbi_gene/23627
LGI1	http://purl.org/commons/record/ncbi_gene/9211
MAS1	http://purl.org/commons/record/ncbi_gene/4142
MGST3	http://purl.org/commons/record/ncbi_gene/4259
GPX4	http://purl.org/commons/record/ncbi_gene/2879
HSPA4	http://purl.org/commons/record/ncbi_gene/3308
REM1	http://purl.org/commons/record/ncbi_gene/28954
MMRN1	http://purl.org/commons/record/ncbi_gene/22915
CD86	http://purl.org/commons/record/ncbi_gene/942
CD40	http://purl.org/commons/record/ncbi_gene/958
RHCE	http://purl.org/commons/record/ncbi_gene/6006
ITGB2	http://purl.org/commons/record/ncbi_gene/3689
EDN1	http://purl.org/commons/record/ncbi_gene/1906
UGP2	http://purl.org/commons/record/ncbi_gene/7360
GFER	http://purl.org/commons/record/ncbi_gene/2671
ARNTL	http://purl.org/commons/record/ncbi_gene/406
IL1A	http://purl.org/commons/record/ncbi_gene/3552
VEGF	http://purl.org/commons/record/ncbi_gene/7422
GRAP2	http://purl.org/commons/record/ncbi_gene/9402
SACS	http://purl.org/commons/record/ncbi_gene/26278
MUC2	http://purl.org/commons/record/ncbi_gene/4583
SGCG	http://purl.org/commons/record/ncbi_gene/6445
CSRP3	http://purl.org/commons/record/ncbi_gene/8048
CHUK	http://purl.org/commons/record/ncbi_gene/1147
PPARA	http://purl.org/commons/record/ncbi_gene/5465
GSTZ1	http://purl.org/commons/record/ncbi_gene/2954
IL17	http://purl.org/commons/record/ncbi_gene/3605
STAT1	http://purl.org/commons/record/ncbi_gene/6772
SFRS1	http://purl.org/commons/record/ncbi_gene/6426
SHBG	http://purl.org/commons/record/ncbi_gene/6462
ENPP2	http://purl.org/commons/record/ncbi_gene/5168
CXCR4	http://purl.org/commons/record/ncbi_gene/7852
FSCN2	http://purl.org/commons/record/ncbi_gene/25794
PPT1	http://purl.org/commons/record/ncbi_gene/5538
PES1	http://purl.org/commons/record/ncbi_gene/23481
TPT1	http://purl.org/commons/record/ncbi_gene/7178
FXYD1	http://purl.org/commons/record/ncbi_gene/5348
CNDP2	http://purl.org/commons/record/ncbi_gene/55748
QPCT	http://purl.org/commons/record/ncbi_gene/25797
GHRH	http://purl.org/commons/record/ncbi_gene/2691
SLPI	http://purl.org/commons/record/ncbi_gene/6590
CREB1	http://purl.org/commons/record/ncbi_gene/1385
PKD1	http://purl.org/commons/record/ncbi_gene/5310
TRPV1	http://purl.org/commons/record/ncbi_gene/7442
ELF4	http://purl.org/commons/record/ncbi_gene/2000
TGFB1	http://purl.org/commons/record/ncbi_gene/7040
ARCN1	http://purl.org/commons/record/ncbi_gene/372
ARSI	http://purl.org/commons/record/ncbi_gene/340075
CCL27	http://purl.org/commons/record/ncbi_gene/10850
HIP2	http://purl.org/commons/record/ncbi_gene/3093
CART	http://purl.org/commons/record/ncbi_gene/9607
CDK2	http://purl.org/commons/record/ncbi_gene/1017
FASLG	http://purl.org/commons/record/ncbi_gene/356
TPI1	http://purl.org/commons/record/ncbi_gene/7167
HMGB2	http://purl.org/commons/record/ncbi_gene/3148
CTGF	http://purl.org/commons/record/ncbi_gene/1490
ACOX1	http://purl.org/commons/record/ncbi_gene/51
MYL4	http://purl.org/commons/record/ncbi_gene/4635
FKBP2	http://purl.org/commons/record/ncbi_gene/2286
LIPG	http://purl.org/commons/record/ncbi_gene/9388
SOD3	http://purl.org/commons/record/ncbi_gene/6649
SOD2	http://purl.org/commons/record/ncbi_gene/6648
TRIT1	http://purl.org/commons/record/ncbi_gene/54802
HNF4A	http://purl.org/commons/record/ncbi_gene/3172
ARSA	http://purl.org/commons/record/ncbi_gene/410
IL18	http://purl.org/commons/record/ncbi_gene/3606
ERCC8	http://purl.org/commons/record/ncbi_gene/1161
ACSL5	http://purl.org/commons/record/ncbi_gene/51703
NPPA	http://purl.org/commons/record/ncbi_gene/4878
ASAHL	http://purl.org/commons/record/ncbi_gene/27163
ASNS	http://purl.org/commons/record/ncbi_gene/440
RRAD	http://purl.org/commons/record/ncbi_gene/6236
AKT3	http://purl.org/commons/record/ncbi_gene/10000
AKT1	http://purl.org/commons/record/ncbi_gene/207
AKT2	http://purl.org/commons/record/ncbi_gene/208
KIF22	http://purl.org/commons/record/ncbi_gene/3835
HMGCR	http://purl.org/commons/record/ncbi_gene/3156
DFFA	http://purl.org/commons/record/ncbi_gene/1676
MYO5A	http://purl.org/commons/record/ncbi_gene/4644
RAC1	http://purl.org/commons/record/ncbi_gene/5879
GOT2	http://purl.org/commons/record/ncbi_gene/2806
PDIA4	http://purl.org/commons/record/ncbi_gene/9601
PDIA3	http://purl.org/commons/record/ncbi_gene/2923
PDIA2	http://purl.org/commons/record/ncbi_gene/64714
GAST	http://purl.org/commons/record/ncbi_gene/2520
COMT	http://purl.org/commons/record/ncbi_gene/1312
NT5C	http://purl.org/commons/record/ncbi_gene/30833
TACR1	http://purl.org/commons/record/ncbi_gene/6869
PADI1	http://purl.org/commons/record/ncbi_gene/29943
HLA-E	http://purl.org/commons/record/ncbi_gene/3133
GYPC	http://purl.org/commons/record/ncbi_gene/2995
KNG1	http://purl.org/commons/record/ncbi_gene/3827
NUDT6	http://purl.org/commons/record/ncbi_gene/11162
BDNF	http://purl.org/commons/record/ncbi_gene/627
L1CAM	http://purl.org/commons/record/ncbi_gene/3897
SDC1	http://purl.org/commons/record/ncbi_gene/6382
ERAF	http://purl.org/commons/record/ncbi_gene/51327
ACACA	http://purl.org/commons/record/ncbi_gene/31
ABI3	http://purl.org/commons/record/ncbi_gene/51225
ABL1	http://purl.org/commons/record/ncbi_gene/25
SPG7	http://purl.org/commons/record/ncbi_gene/6687
SMPD2	http://purl.org/commons/record/ncbi_gene/6610
ING1	http://purl.org/commons/record/ncbi_gene/3621
TBL1X	http://purl.org/commons/record/ncbi_gene/6907
DGKE	http://purl.org/commons/record/ncbi_gene/8526
CSF2	http://purl.org/commons/record/ncbi_gene/1437
NAGLU	http://purl.org/commons/record/ncbi_gene/4669
OBP2A	http://purl.org/commons/record/ncbi_gene/29991
SHFM1	http://purl.org/commons/record/ncbi_gene/7979
TPH1	http://purl.org/commons/record/ncbi_gene/7166
CSN3	http://purl.org/commons/record/ncbi_gene/1448
GGT1	http://purl.org/commons/record/ncbi_gene/2678
MAPT	http://purl.org/commons/record/ncbi_gene/4137
AGPS	http://purl.org/commons/record/ncbi_gene/8540
GNRHR	http://purl.org/commons/record/ncbi_gene/2798
AGC1	http://purl.org/commons/record/ncbi_gene/176
PAICS	http://purl.org/commons/record/ncbi_gene/10606
ABCD1	http://purl.org/commons/record/ncbi_gene/215
MC2R	http://purl.org/commons/record/ncbi_gene/4158
CORT	http://purl.org/commons/record/ncbi_gene/1325
CSF3	http://purl.org/commons/record/ncbi_gene/1440
SGPL1	http://purl.org/commons/record/ncbi_gene/8879
FTMT	http://purl.org/commons/record/ncbi_gene/94033
CTSG	http://purl.org/commons/record/ncbi_gene/1511
TAL1	http://purl.org/commons/record/ncbi_gene/6886
KRT7	http://purl.org/commons/record/ncbi_gene/3855
SARDH	http://purl.org/commons/record/ncbi_gene/1757
CA10	http://purl.org/commons/record/ncbi_gene/56934
GLB1	http://purl.org/commons/record/ncbi_gene/2720
SDHB	http://purl.org/commons/record/ncbi_gene/6390
CCNB1	http://purl.org/commons/record/ncbi_gene/891
GYPE	http://purl.org/commons/record/ncbi_gene/2996
ERCC2	http://purl.org/commons/record/ncbi_gene/2068
ANXA5	http://purl.org/commons/record/ncbi_gene/308
PPIL1	http://purl.org/commons/record/ncbi_gene/51645
DGAT1	http://purl.org/commons/record/ncbi_gene/8694
FKBP5	http://purl.org/commons/record/ncbi_gene/2289
FKBP6	http://purl.org/commons/record/ncbi_gene/8468
FKBP4	http://purl.org/commons/record/ncbi_gene/2288
FKBP7	http://purl.org/commons/record/ncbi_gene/51661
FKBP3	http://purl.org/commons/record/ncbi_gene/2287
TIE1	http://purl.org/commons/record/ncbi_gene/7075
TNS1	http://purl.org/commons/record/ncbi_gene/7145
C4BPA	http://purl.org/commons/record/ncbi_gene/722
PRDX2	http://purl.org/commons/record/ncbi_gene/7001
FGF4	http://purl.org/commons/record/ncbi_gene/2249
DGKZ	http://purl.org/commons/record/ncbi_gene/8525
TNP2	http://purl.org/commons/record/ncbi_gene/7142
CCND1	http://purl.org/commons/record/ncbi_gene/595
IKBKB	http://purl.org/commons/record/ncbi_gene/3551
CDK4	http://purl.org/commons/record/ncbi_gene/1019
MMP9	http://purl.org/commons/record/ncbi_gene/4318
EDG7	http://purl.org/commons/record/ncbi_gene/23566
OXER1	http://purl.org/commons/record/ncbi_gene/165140
MALT1	http://purl.org/commons/record/ncbi_gene/10892
BACE2	http://purl.org/commons/record/ncbi_gene/25825
FZD4	http://purl.org/commons/record/ncbi_gene/8322
PPBP	http://purl.org/commons/record/ncbi_gene/5473
MLYCD	http://purl.org/commons/record/ncbi_gene/23417
HBS1L	http://purl.org/commons/record/ncbi_gene/10767
ST18	http://purl.org/commons/record/ncbi_gene/9705
PORCN	http://purl.org/commons/record/ncbi_gene/64840
EGFR	http://purl.org/commons/record/ncbi_gene/1956
ABCB7	http://purl.org/commons/record/ncbi_gene/22
NR1H2	http://purl.org/commons/record/ncbi_gene/7376
DGKQ	http://purl.org/commons/record/ncbi_gene/1609
GCLC	http://purl.org/commons/record/ncbi_gene/2729
SMPD1	http://purl.org/commons/record/ncbi_gene/6609
CTSL	http://purl.org/commons/record/ncbi_gene/1514
CD200	http://purl.org/commons/record/ncbi_gene/4345
LMNA	http://purl.org/commons/record/ncbi_gene/4000
EPB41	http://purl.org/commons/record/ncbi_gene/2035
GGT2	http://purl.org/commons/record/ncbi_gene/728441
DGKB	http://purl.org/commons/record/ncbi_gene/1607
TFF1	http://purl.org/commons/record/ncbi_gene/7031
GYPB	http://purl.org/commons/record/ncbi_gene/2994
TBX5	http://purl.org/commons/record/ncbi_gene/6910
NANS	http://purl.org/commons/record/ncbi_gene/54187
BCS1L	http://purl.org/commons/record/ncbi_gene/617
MKL1	http://purl.org/commons/record/ncbi_gene/57591
KCNA4	http://purl.org/commons/record/ncbi_gene/3739
ACO1	http://purl.org/commons/record/ncbi_gene/48
ACACB	http://purl.org/commons/record/ncbi_gene/32
CCR5	http://purl.org/commons/record/ncbi_gene/1234
SMOX	http://purl.org/commons/record/ncbi_gene/54498
RFP2	http://purl.org/commons/record/ncbi_gene/10206
NR1I3	http://purl.org/commons/record/ncbi_gene/9970
CXADR	http://purl.org/commons/record/ncbi_gene/1525
RNF7	http://purl.org/commons/record/ncbi_gene/9616
TPSB2	http://purl.org/commons/record/ncbi_gene/64499
IARS	http://purl.org/commons/record/ncbi_gene/3376
PDCD8	http://purl.org/commons/record/ncbi_gene/9131
CASP8	http://purl.org/commons/record/ncbi_gene/841
IBSP	http://purl.org/commons/record/ncbi_gene/3381
THRSP	http://purl.org/commons/record/ncbi_gene/7069
GFAP	http://purl.org/commons/record/ncbi_gene/2670
FBS1	http://purl.org/commons/record/ncbi_gene/64319
MMP2	http://purl.org/commons/record/ncbi_gene/4313
ENO2	http://purl.org/commons/record/ncbi_gene/2026
FBXO8	http://purl.org/commons/record/ncbi_gene/26269
SRMS	http://purl.org/commons/record/ncbi_gene/6725
IKBKE	http://purl.org/commons/record/ncbi_gene/9641
ACIN1	http://purl.org/commons/record/ncbi_gene/22985
MDM4	http://purl.org/commons/record/ncbi_gene/4194
SNRPE	http://purl.org/commons/record/ncbi_gene/6635
CCL3	http://purl.org/commons/record/ncbi_gene/6348
CAST1	http://purl.org/commons/record/ncbi_gene/26059
RYR1	http://purl.org/commons/record/ncbi_gene/6261
APOA1	http://purl.org/commons/record/ncbi_gene/335
NCAM1	http://purl.org/commons/record/ncbi_gene/4684
BMP2	http://purl.org/commons/record/ncbi_gene/650
LIPE	http://purl.org/commons/record/ncbi_gene/3991
LRP1	http://purl.org/commons/record/ncbi_gene/4035
TLR4	http://purl.org/commons/record/ncbi_gene/7099
BZRP	http://purl.org/commons/record/ncbi_gene/706
USH1G	http://purl.org/commons/record/ncbi_gene/124590
MEFV	http://purl.org/commons/record/ncbi_gene/4210
SQLE	http://purl.org/commons/record/ncbi_gene/6713
PSEN1	http://purl.org/commons/record/ncbi_gene/5663
DGKG	http://purl.org/commons/record/ncbi_gene/1608
APRT	http://purl.org/commons/record/ncbi_gene/353
ETF1	http://purl.org/commons/record/ncbi_gene/2107
DGKA	http://purl.org/commons/record/ncbi_gene/1606
DAPK1	http://purl.org/commons/record/ncbi_gene/1612
SGCD	http://purl.org/commons/record/ncbi_gene/6444
IL2RA	http://purl.org/commons/record/ncbi_gene/3559
NR1I2	http://purl.org/commons/record/ncbi_gene/8856
ZNF79	http://purl.org/commons/record/ncbi_gene/7633
PTK2B	http://purl.org/commons/record/ncbi_gene/2185
TITF1	http://purl.org/commons/record/ncbi_gene/7080
AMY2A	http://purl.org/commons/record/ncbi_gene/279
HTR2A	http://purl.org/commons/record/ncbi_gene/3356
GLO1	http://purl.org/commons/record/ncbi_gene/2739
FECH	http://purl.org/commons/record/ncbi_gene/2235
INSR	http://purl.org/commons/record/ncbi_gene/3643
GNLY	http://purl.org/commons/record/ncbi_gene/10578
HTR1A	http://purl.org/commons/record/ncbi_gene/3350
PRPF3	http://purl.org/commons/record/ncbi_gene/9129
RDBP	http://purl.org/commons/record/ncbi_gene/7936
ITGAL	http://purl.org/commons/record/ncbi_gene/3683
ALX4	http://purl.org/commons/record/ncbi_gene/60529
COASY	http://purl.org/commons/record/ncbi_gene/80347
PSMD8	http://purl.org/commons/record/ncbi_gene/5714
MPST	http://purl.org/commons/record/ncbi_gene/4357
CYLD	http://purl.org/commons/record/ncbi_gene/1540
RPN1	http://purl.org/commons/record/ncbi_gene/6184
LARS	http://purl.org/commons/record/ncbi_gene/51520
APOE	http://purl.org/commons/record/ncbi_gene/348
PCK2	http://purl.org/commons/record/ncbi_gene/5106
LIPC	http://purl.org/commons/record/ncbi_gene/3990
LIPF	http://purl.org/commons/record/ncbi_gene/8513
PSMD6	http://purl.org/commons/record/ncbi_gene/9861
PCK1	http://purl.org/commons/record/ncbi_gene/5105
PKM2	http://purl.org/commons/record/ncbi_gene/5315
NMUR2	http://purl.org/commons/record/ncbi_gene/56923
AMY1A	http://purl.org/commons/record/ncbi_gene/276
H2AFX	http://purl.org/commons/record/ncbi_gene/3014
HTR7	http://purl.org/commons/record/ncbi_gene/3363
CENPJ	http://purl.org/commons/record/ncbi_gene/55835
ALAD	http://purl.org/commons/record/ncbi_gene/210
PROM1	http://purl.org/commons/record/ncbi_gene/8842
HIF1A	http://purl.org/commons/record/ncbi_gene/3091
BUB3	http://purl.org/commons/record/ncbi_gene/9184
TLR2	http://purl.org/commons/record/ncbi_gene/7097
ABAT	http://purl.org/commons/record/ncbi_gene/18
CCL7	http://purl.org/commons/record/ncbi_gene/6354
OR6C3	http://purl.org/commons/record/ncbi_gene/254786
SFTPD	http://purl.org/commons/record/ncbi_gene/6441
CAPN1	http://purl.org/commons/record/ncbi_gene/823
PRDX1	http://purl.org/commons/record/ncbi_gene/5052
NCOA6	http://purl.org/commons/record/ncbi_gene/23054
ALPI	http://purl.org/commons/record/ncbi_gene/248
CCNK	http://purl.org/commons/record/ncbi_gene/8812
ACLY	http://purl.org/commons/record/ncbi_gene/47
NR0B2	http://purl.org/commons/record/ncbi_gene/8431
HTR3A	http://purl.org/commons/record/ncbi_gene/3359
GJA8	http://purl.org/commons/record/ncbi_gene/2703
GCNT2	http://purl.org/commons/record/ncbi_gene/2651
MT2A	http://purl.org/commons/record/ncbi_gene/4502
IL12B	http://purl.org/commons/record/ncbi_gene/3593
E2F1	http://purl.org/commons/record/ncbi_gene/1869
HTR1B	http://purl.org/commons/record/ncbi_gene/3351
PPARG	http://purl.org/commons/record/ncbi_gene/5468
NR5A2	http://purl.org/commons/record/ncbi_gene/2494
ACSL6	http://purl.org/commons/record/ncbi_gene/23305
PKHD1	http://purl.org/commons/record/ncbi_gene/5314
ARSG	http://purl.org/commons/record/ncbi_gene/22901
GPAM	http://purl.org/commons/record/ncbi_gene/57678
BGLAP	http://purl.org/commons/record/ncbi_gene/632
MFGE8	http://purl.org/commons/record/ncbi_gene/4240
LAMB1	http://purl.org/commons/record/ncbi_gene/3912
CD80	http://purl.org/commons/record/ncbi_gene/941
CD160	http://purl.org/commons/record/ncbi_gene/11126
CHIA	http://purl.org/commons/record/ncbi_gene/27159
CES1	http://purl.org/commons/record/ncbi_gene/1066
HTR6	http://purl.org/commons/record/ncbi_gene/3362
ACSL1	http://purl.org/commons/record/ncbi_gene/2180
FSCN1	http://purl.org/commons/record/ncbi_gene/6624
ABCC2	http://purl.org/commons/record/ncbi_gene/1244
AGXT	http://purl.org/commons/record/ncbi_gene/189
CEBPB	http://purl.org/commons/record/ncbi_gene/1051
IL2RB	http://purl.org/commons/record/ncbi_gene/3560
CMPK	http://purl.org/commons/record/ncbi_gene/51727
KCNN4	http://purl.org/commons/record/ncbi_gene/3783
DSG4	http://purl.org/commons/record/ncbi_gene/147409
RHOJ	http://purl.org/commons/record/ncbi_gene/57381
ERCC1	http://purl.org/commons/record/ncbi_gene/2067
CD38	http://purl.org/commons/record/ncbi_gene/952
GNRH1	http://purl.org/commons/record/ncbi_gene/2796
PKLR	http://purl.org/commons/record/ncbi_gene/5313
STAT3	http://purl.org/commons/record/ncbi_gene/6774
OLR1	http://purl.org/commons/record/ncbi_gene/4973
KITLG	http://purl.org/commons/record/ncbi_gene/4254
